filter,filename,mean,std,median,resistant_mean,resistant_std,resistant_std_of_mean,sigma_clipped_mean,sigma_clipped_std,n_pixels,bg_fraction
VIS,galaxy_and_stream_convolved_8_0.15_VIS_in_EUC_VIS_LSB_ObsID_2706,0.023360,0.001336,0.023315,0.023359,0.001333,0.000002,0.023345,0.001292,321743,0.893731
VIS,galaxy_and_stream_convolved_2_0.15_VIS_in_EUC_VIS_LSB_ObsID_2706,0.023940,0.001281,0.023887,0.023939,0.001277,0.000002,0.023921,0.001228,333130,0.925361
VIS,galaxy_and_stream_convolved_6_0.2_VIS_in_EUC_VIS_LSB_ObsID_2706,0.023167,0.001275,0.023108,0.023165,0.001271,0.000002,0.023145,0.001220,331126,0.919794
VIS,galaxy_and_stream_convolved_8_0.25_VIS_in_EUC_VIS_LSB_ObsID_2706,0.023270,0.001318,0.023229,0.023269,0.001315,0.000002,0.023255,0.001273,331401,0.920558
VIS,galaxy_and_stream_convolved_2_0.6_VIS_in_EUC_VIS_LSB_ObsID_2706,0.023870,0.001268,0.023821,0.023869,0.001264,0.000002,0.023850,0.001213,341220,0.947833
VIS,galaxy_and_stream_convolved_5_0.2_VIS_in_EUC_VIS_LSB_ObsID_2706,0.023205,0.001573,0.023142,0.023204,0.001413,0.000003,0.023181,0.001355,314442,0.873450
VIS,galaxy_and_stream_convolved_1_0.8_VIS_in_EUC_VIS_LSB_ObsID_2706,0.023656,0.001305,0.023615,0.023654,0.001301,0.000002,0.023637,0.001256,337370,0.937139
VIS,galaxy_and_stream_convolved_6_0.25_VIS_in_EUC_VIS_LSB_ObsID_2706,0.023147,0.001271,0.023090,0.023146,0.001268,0.000002,0.023125,0.001216,333418,0.926161
VIS,galaxy_and_stream_convolved_7_1_VIS_in_EUC_VIS_LSB_ObsID_2706,0.023894,0.001422,0.023857,0.023892,0.001414,0.000002,0.023878,0.001347,323874,0.899650
VIS,galaxy_and_stream_convolved_2_0.25_VIS_in_EUC_VIS_LSB_ObsID_2706,0.023904,0.001274,0.023852,0.023902,0.001270,0.000002,0.023884,0.001219,336972,0.936033
VIS,galaxy_and_stream_convolved_5_0.15_VIS_in_EUC_VIS_LSB_ObsID_2706,0.023315,0.001587,0.023251,0.023314,0.001425,0.000003,0.023293,0.001370,304664,0.846289
VIS,galaxy_and_stream_convolved_10_0.25_VIS_in_EUC_VIS_LSB_ObsID_2706,0.023078,0.001190,0.023039,0.023077,0.001187,0.000002,0.023062,0.001144,327822,0.910617
VIS,galaxy_and_stream_convolved_5_0.8_VIS_in_EUC_VIS_LSB_ObsID_2706,0.022949,0.001524,0.022895,0.022947,0.001370,0.000002,0.022921,0.001305,341542,0.948728
VIS,galaxy_and_stream_convolved_7_0.4_VIS_in_EUC_VIS_LSB_ObsID_2706,0.023966,0.001443,0.023923,0.023963,0.001435,0.000003,0.023949,0.001369,318690,0.885250
VIS,galaxy_and_stream_convolved_9_0.8_VIS_in_EUC_VIS_LSB_ObsID_2706,0.022974,0.001113,0.022939,0.022972,0.001110,0.000002,0.022959,0.001072,339692,0.943589
VIS,galaxy_and_stream_convolved_4_0.15_VIS_in_EUC_VIS_LSB_ObsID_2706,0.023115,0.001697,0.023047,0.023109,0.001678,0.000003,0.023084,0.001582,327595,0.909986
VIS,galaxy_and_stream_convolved_7_0.6_VIS_in_EUC_VIS_LSB_ObsID_2706,0.023927,0.001431,0.023887,0.023925,0.001423,0.000003,0.023911,0.001356,321240,0.892333
VIS,galaxy_and_stream_convolved_10_0.8_VIS_in_EUC_VIS_LSB_ObsID_2706,0.022982,0.001171,0.022947,0.022981,0.001168,0.000002,0.022965,0.001122,339558,0.943217
VIS,galaxy_and_stream_convolved_8_0.1_VIS_in_EUC_VIS_LSB_ObsID_2706,0.023467,0.001354,0.023417,0.023466,0.001351,0.000002,0.023452,0.001312,310325,0.862014
VIS,galaxy_and_stream_convolved_7_0.2_VIS_in_EUC_VIS_LSB_ObsID_2706,0.024076,0.001478,0.024024,0.024074,0.001469,0.000003,0.024059,0.001403,312837,0.868992
VIS,galaxy_and_stream_convolved_10_0.15_VIS_in_EUC_VIS_LSB_ObsID_2706,0.023161,0.001204,0.023121,0.023161,0.001201,0.000002,0.023147,0.001160,318349,0.884303
VIS,galaxy_and_stream_convolved_5_0.25_VIS_in_EUC_VIS_LSB_ObsID_2706,0.023136,0.001562,0.023074,0.023135,0.001404,0.000002,0.023111,0.001343,320774,0.891039
VIS,galaxy_and_stream_convolved_6_0.6_VIS_in_EUC_VIS_LSB_ObsID_2706,0.023105,0.001261,0.023051,0.023104,0.001257,0.000002,0.023083,0.001206,340070,0.944639
VIS,galaxy_and_stream_convolved_10_0.1_VIS_in_EUC_VIS_LSB_ObsID_2706,0.023259,0.001220,0.023216,0.023258,0.001217,0.000002,0.023245,0.001179,310332,0.862033
VIS,galaxy_and_stream_convolved_9_0.2_VIS_in_EUC_VIS_LSB_ObsID_2706,0.023067,0.001137,0.023028,0.023066,0.001134,0.000002,0.023052,0.001097,330527,0.918131
VIS,galaxy_and_stream_convolved_2_0.2_VIS_in_EUC_VIS_LSB_ObsID_2706,0.023918,0.001277,0.023866,0.023917,0.001273,0.000002,0.023898,0.001223,335511,0.931975
VIS,galaxy_and_stream_convolved_1_1_VIS_in_EUC_VIS_LSB_ObsID_2706,0.023644,0.001302,0.023605,0.023643,0.001298,0.000002,0.023626,0.001253,338733,0.940925
VIS,galaxy_and_stream_convolved_1_0.25_VIS_in_EUC_VIS_LSB_ObsID_2706,0.023760,0.001324,0.023715,0.023759,0.001320,0.000002,0.023742,0.001276,326272,0.906311
VIS,galaxy_and_stream_convolved_6_1_VIS_in_EUC_VIS_LSB_ObsID_2706,0.023088,0.001254,0.023036,0.023087,0.001250,0.000002,0.023067,0.001200,341964,0.949900
VIS,galaxy_and_stream_convolved_6_0.1_VIS_in_EUC_VIS_LSB_ObsID_2706,0.023262,0.001292,0.023201,0.023261,0.001288,0.000002,0.023241,0.001239,321221,0.892281
VIS,galaxy_and_stream_convolved_4_0.1_VIS_in_EUC_VIS_LSB_ObsID_2706,0.023196,0.001715,0.023122,0.023190,0.001697,0.000003,0.023162,0.001602,321861,0.894058
VIS,galaxy_and_stream_convolved_8_0.4_VIS_in_EUC_VIS_LSB_ObsID_2706,0.023223,0.001309,0.023183,0.023222,0.001306,0.000002,0.023207,0.001263,337953,0.938758
VIS,galaxy_and_stream_convolved_6_0.4_VIS_in_EUC_VIS_LSB_ObsID_2706,0.023121,0.001266,0.023065,0.023120,0.001262,0.000002,0.023099,0.001210,337595,0.937764
VIS,galaxy_and_stream_convolved_8_0.2_VIS_in_EUC_VIS_LSB_ObsID_2706,0.023303,0.001324,0.023262,0.023302,0.001322,0.000002,0.023288,0.001280,327559,0.909886
VIS,galaxy_and_stream_convolved_8_1_VIS_in_EUC_VIS_LSB_ObsID_2706,0.023176,0.001298,0.023140,0.023175,0.001295,0.000002,0.023161,0.001252,346211,0.961697
VIS,galaxy_and_stream_convolved_9_0.1_VIS_in_EUC_VIS_LSB_ObsID_2706,0.023180,0.001165,0.023136,0.023179,0.001162,0.000002,0.023166,0.001125,324014,0.900039
VIS,galaxy_and_stream_convolved_9_0.05_VIS_in_EUC_VIS_LSB_ObsID_2706,0.023343,0.001191,0.023299,0.023342,0.001189,0.000002,0.023329,0.001154,315372,0.876033
VIS,galaxy_and_stream_convolved_3_0.2_VIS_in_EUC_VIS_LSB_ObsID_2706,0.023414,0.001445,0.023363,0.023411,0.001433,0.000002,0.023392,0.001366,334038,0.927883
VIS,galaxy_and_stream_convolved_3_0.05_VIS_in_EUC_VIS_LSB_ObsID_2706,0.023583,0.001488,0.023519,0.023581,0.001478,0.000003,0.023560,0.001412,283601,0.787781
VIS,galaxy_and_stream_convolved_10_0.2_VIS_in_EUC_VIS_LSB_ObsID_2706,0.023111,0.001196,0.023071,0.023110,0.001193,0.000002,0.023095,0.001150,324140,0.900389
VIS,galaxy_and_stream_convolved_4_0.8_VIS_in_EUC_VIS_LSB_ObsID_2706,0.022982,0.001666,0.022928,0.022976,0.001647,0.000003,0.022952,0.001551,340700,0.946389
VIS,galaxy_and_stream_convolved_4_0.6_VIS_in_EUC_VIS_LSB_ObsID_2706,0.022995,0.001669,0.022941,0.022989,0.001649,0.000003,0.022966,0.001554,339067,0.941853
VIS,galaxy_and_stream_convolved_8_0.8_VIS_in_EUC_VIS_LSB_ObsID_2706,0.023184,0.001300,0.023148,0.023183,0.001297,0.000002,0.023169,0.001254,344599,0.957219
VIS,galaxy_and_stream_convolved_3_0.15_VIS_in_EUC_VIS_LSB_ObsID_2706,0.023423,0.001447,0.023372,0.023421,0.001436,0.000003,0.023402,0.001368,330006,0.916683
VIS,galaxy_and_stream_convolved_8_0.05_VIS_in_EUC_VIS_LSB_ObsID_2706,0.023752,0.001389,0.023694,0.023751,0.001387,0.000003,0.023738,0.001351,283120,0.786444
VIS,galaxy_and_stream_convolved_6_0.05_VIS_in_EUC_VIS_LSB_ObsID_2706,0.023444,0.001324,0.023380,0.023443,0.001322,0.000002,0.023426,0.001278,306147,0.850408
VIS,galaxy_and_stream_convolved_10_0.05_VIS_in_EUC_VIS_LSB_ObsID_2706,0.023484,0.001254,0.023434,0.023483,0.001251,0.000002,0.023470,0.001216,297349,0.825969
VIS,galaxy_and_stream_convolved_1_0.4_VIS_in_EUC_VIS_LSB_ObsID_2706,0.023703,0.001314,0.023660,0.023702,0.001309,0.000002,0.023685,0.001265,331462,0.920728
VIS,galaxy_and_stream_convolved_5_0.4_VIS_in_EUC_VIS_LSB_ObsID_2706,0.023031,0.001542,0.022971,0.023029,0.001386,0.000002,0.023004,0.001322,331108,0.919744
VIS,galaxy_and_stream_convolved_9_0.25_VIS_in_EUC_VIS_LSB_ObsID_2706,0.023043,0.001132,0.023005,0.023042,0.001128,0.000002,0.023029,0.001091,332546,0.923739
VIS,galaxy_and_stream_convolved_4_0.05_VIS_in_EUC_VIS_LSB_ObsID_2706,0.023431,0.001755,0.023346,0.023426,0.001740,0.000003,0.023398,0.001650,306184,0.850511
VIS,galaxy_and_stream_convolved_3_0.8_VIS_in_EUC_VIS_LSB_ObsID_2706,0.023375,0.001435,0.023325,0.023372,0.001423,0.000002,0.023353,0.001355,342688,0.951911
VIS,galaxy_and_stream_convolved_3_0.25_VIS_in_EUC_VIS_LSB_ObsID_2706,0.023409,0.001443,0.023358,0.023407,0.001432,0.000002,0.023388,0.001365,336527,0.934797
VIS,galaxy_and_stream_convolved_2_1_VIS_in_EUC_VIS_LSB_ObsID_2706,0.023858,0.001266,0.023810,0.023857,0.001261,0.000002,0.023839,0.001210,342637,0.951769
VIS,galaxy_and_stream_convolved_2_0.8_VIS_in_EUC_VIS_LSB_ObsID_2706,0.023863,0.001267,0.023814,0.023862,0.001263,0.000002,0.023844,0.001212,342127,0.950353
VIS,galaxy_and_stream_convolved_3_1_VIS_in_EUC_VIS_LSB_ObsID_2706,0.023369,0.001433,0.023319,0.023366,0.001421,0.000002,0.023347,0.001353,343473,0.954092
VIS,galaxy_and_stream_convolved_4_0.2_VIS_in_EUC_VIS_LSB_ObsID_2706,0.023078,0.001690,0.023014,0.023072,0.001670,0.000003,0.023047,0.001575,331146,0.919850
VIS,galaxy_and_stream_convolved_7_0.8_VIS_in_EUC_VIS_LSB_ObsID_2706,0.023908,0.001426,0.023869,0.023905,0.001418,0.000002,0.023891,0.001352,322905,0.896958
VIS,galaxy_and_stream_convolved_7_0.1_VIS_in_EUC_VIS_LSB_ObsID_2706,0.024266,0.001529,0.024201,0.024264,0.001521,0.000003,0.024248,0.001456,302420,0.840056
VIS,galaxy_and_stream_convolved_5_0.6_VIS_in_EUC_VIS_LSB_ObsID_2706,0.022976,0.001531,0.022920,0.022974,0.001376,0.000002,0.022949,0.001311,337873,0.938536
VIS,galaxy_and_stream_convolved_8_0.6_VIS_in_EUC_VIS_LSB_ObsID_2706,0.023197,0.001303,0.023160,0.023196,0.001300,0.000002,0.023182,0.001257,342207,0.950575
VIS,galaxy_and_stream_convolved_1_0.05_VIS_in_EUC_VIS_LSB_ObsID_2706,0.024282,0.001445,0.024200,0.024281,0.001442,0.000003,0.024261,0.001399,282595,0.784986
VIS,galaxy_and_stream_convolved_9_0.4_VIS_in_EUC_VIS_LSB_ObsID_2706,0.023007,0.001123,0.022971,0.023006,0.001119,0.000002,0.022993,0.001082,336101,0.933614
VIS,galaxy_and_stream_convolved_1_0.2_VIS_in_EUC_VIS_LSB_ObsID_2706,0.023798,0.001330,0.023750,0.023796,0.001326,0.000002,0.023779,0.001283,323137,0.897603
VIS,galaxy_and_stream_convolved_2_0.1_VIS_in_EUC_VIS_LSB_ObsID_2706,0.023982,0.001287,0.023927,0.023981,0.001283,0.000002,0.023963,0.001235,328721,0.913114
VIS,galaxy_and_stream_convolved_7_0.15_VIS_in_EUC_VIS_LSB_ObsID_2706,0.024146,0.001499,0.024087,0.024144,0.001491,0.000003,0.024127,0.001423,309446,0.859572
VIS,galaxy_and_stream_convolved_7_0.25_VIS_in_EUC_VIS_LSB_ObsID_2706,0.024033,0.001464,0.023985,0.024030,0.001456,0.000003,0.024016,0.001389,314979,0.874942
VIS,galaxy_and_stream_convolved_3_0.6_VIS_in_EUC_VIS_LSB_ObsID_2706,0.023384,0.001437,0.023333,0.023381,0.001425,0.000002,0.023362,0.001357,341471,0.948531
VIS,galaxy_and_stream_convolved_4_0.4_VIS_in_EUC_VIS_LSB_ObsID_2706,0.023018,0.001674,0.022963,0.023012,0.001655,0.000003,0.022988,0.001559,336598,0.934994
VIS,galaxy_and_stream_convolved_10_0.6_VIS_in_EUC_VIS_LSB_ObsID_2706,0.022997,0.001174,0.022961,0.022996,0.001171,0.000002,0.022980,0.001125,337673,0.937981
VIS,galaxy_and_stream_convolved_6_0.8_VIS_in_EUC_VIS_LSB_ObsID_2706,0.023094,0.001256,0.023041,0.023092,0.001252,0.000002,0.023072,0.001201,341104,0.947511
VIS,galaxy_and_stream_convolved_7_0.05_VIS_in_EUC_VIS_LSB_ObsID_2706,0.024541,0.001594,0.024465,0.024539,0.001587,0.000003,0.024524,0.001524,276899,0.769164
VIS,galaxy_and_stream_convolved_5_1_VIS_in_EUC_VIS_LSB_ObsID_2706,0.022932,0.001519,0.022880,0.022930,0.001365,0.000002,0.022904,0.001300,343816,0.955044
VIS,galaxy_and_stream_convolved_1_0.1_VIS_in_EUC_VIS_LSB_ObsID_2706,0.023974,0.001368,0.023914,0.023973,0.001365,0.000002,0.023954,0.001322,309198,0.858883
VIS,galaxy_and_stream_convolved_6_0.15_VIS_in_EUC_VIS_LSB_ObsID_2706,0.023198,0.001281,0.023138,0.023197,0.001278,0.000002,0.023176,0.001227,327450,0.909583
VIS,galaxy_and_stream_convolved_9_0.15_VIS_in_EUC_VIS_LSB_ObsID_2706,0.023106,0.001147,0.023066,0.023105,0.001143,0.000002,0.023092,0.001107,327956,0.910989
VIS,galaxy_and_stream_convolved_1_0.15_VIS_in_EUC_VIS_LSB_ObsID_2706,0.023861,0.001344,0.023809,0.023860,0.001341,0.000002,0.023842,0.001298,318560,0.884889
VIS,galaxy_and_stream_convolved_2_0.4_VIS_in_EUC_VIS_LSB_ObsID_2706,0.023882,0.001270,0.023832,0.023881,0.001266,0.000002,0.023863,0.001215,339497,0.943047
VIS,galaxy_and_stream_convolved_3_0.4_VIS_in_EUC_VIS_LSB_ObsID_2706,0.023395,0.001440,0.023345,0.023392,0.001427,0.000002,0.023373,0.001360,339511,0.943086
VIS,galaxy_and_stream_convolved_5_0.1_VIS_in_EUC_VIS_LSB_ObsID_2706,0.023527,0.001616,0.023464,0.023527,0.001450,0.000003,0.023506,0.001398,289622,0.804506
VIS,galaxy_and_stream_convolved_9_0.6_VIS_in_EUC_VIS_LSB_ObsID_2706,0.022986,0.001118,0.022950,0.022985,0.001114,0.000002,0.022972,0.001076,338485,0.940236
VIS,galaxy_and_stream_convolved_4_1_VIS_in_EUC_VIS_LSB_ObsID_2706,0.022971,0.001664,0.022918,0.022965,0.001644,0.000003,0.022942,0.001548,341752,0.949311
VIS,galaxy_and_stream_convolved_5_0.05_VIS_in_EUC_VIS_LSB_ObsID_2706,0.024036,0.001691,0.023966,0.024036,0.001512,0.000003,0.024017,0.001465,255179,0.708831
VIS,galaxy_and_stream_convolved_2_0.05_VIS_in_EUC_VIS_LSB_ObsID_2706,0.024094,0.001301,0.024035,0.024092,0.001297,0.000002,0.024075,0.001250,318714,0.885317
VIS,galaxy_and_stream_convolved_10_0.4_VIS_in_EUC_VIS_LSB_ObsID_2706,0.023027,0.001180,0.022989,0.023026,0.001177,0.000002,0.023010,0.001132,334100,0.928056
VIS,galaxy_and_stream_convolved_1_0.6_VIS_in_EUC_VIS_LSB_ObsID_2706,0.023671,0.001308,0.023629,0.023670,0.001304,0.000002,0.023653,0.001259,335041,0.930669
VIS,galaxy_and_stream_convolved_10_1_VIS_in_EUC_VIS_LSB_ObsID_2706,0.022974,0.001170,0.022939,0.022972,0.001166,0.000002,0.022957,0.001120,340891,0.946919
VIS,galaxy_and_stream_convolved_9_1_VIS_in_EUC_VIS_LSB_ObsID_2706,0.022965,0.001110,0.022931,0.022964,0.001106,0.000002,0.022951,0.001069,340421,0.945614
VIS,galaxy_and_stream_convolved_4_0.25_VIS_in_EUC_VIS_LSB_ObsID_2706,0.023056,0.001685,0.022994,0.023050,0.001665,0.000003,0.023025,0.001569,333222,0.925617
VIS,galaxy_and_stream_convolved_3_0.1_VIS_in_EUC_VIS_LSB_ObsID_2706,0.023450,0.001458,0.023398,0.023448,0.001447,0.000003,0.023429,0.001380,320461,0.890169
NISP_H,galaxy_and_stream_convolved_6_0.8_NISP_H_in_EUC_NIR_H_LSB_ObsID_2706,63.504700,5.249354,63.128635,63.487137,5.089318,0.026856,63.353378,4.831768,35949,0.898725
NISP_H,galaxy_and_stream_convolved_10_0.6_NISP_H_in_EUC_NIR_H_LSB_ObsID_2706,63.736279,4.426459,63.414597,63.694832,4.223409,0.021972,63.596706,4.028250,36999,0.924975
NISP_H,galaxy_and_stream_convolved_1_0.25_NISP_H_in_EUC_NIR_H_LSB_ObsID_2706,66.735245,6.627568,66.318054,66.731941,5.638576,0.030295,66.590263,5.350029,34687,0.867175
NISP_H,galaxy_and_stream_convolved_5_0.1_NISP_H_in_EUC_NIR_H_LSB_ObsID_2706,66.924919,5.693339,66.460670,66.885567,5.491044,0.030665,66.753151,5.219251,32095,0.802375
NISP_H,galaxy_and_stream_convolved_6_0.25_NISP_H_in_EUC_NIR_H_LSB_ObsID_2706,63.750175,5.345651,63.364502,63.726955,5.151457,0.027381,63.593723,4.894343,35435,0.885875
NISP_H,galaxy_and_stream_convolved_9_0.2_NISP_H_in_EUC_NIR_H_LSB_ObsID_2706,64.069511,4.965580,63.671352,64.035835,4.844903,0.025488,63.901653,4.598816,36171,0.904275
NISP_H,galaxy_and_stream_convolved_2_0.25_NISP_H_in_EUC_NIR_H_LSB_ObsID_2706,64.649513,4.113243,64.346054,64.626953,4.030026,0.021157,64.524216,3.837015,36314,0.907850
NISP_H,galaxy_and_stream_convolved_5_0.25_NISP_H_in_EUC_NIR_H_LSB_ObsID_2706,65.674751,5.422648,65.258713,65.633385,5.179470,0.028083,65.520897,4.932613,34052,0.851300
NISP_H,galaxy_and_stream_convolved_9_0.8_NISP_H_in_EUC_NIR_H_LSB_ObsID_2706,63.722065,4.854271,63.343517,63.694298,4.761055,0.024815,63.563515,4.516873,36844,0.921100
NISP_H,galaxy_and_stream_convolved_1_0.6_NISP_H_in_EUC_NIR_H_LSB_ObsID_2706,66.434387,6.572412,66.029251,66.429085,5.577684,0.029679,66.291527,5.294816,35366,0.884150
NISP_H,galaxy_and_stream_convolved_5_0.2_NISP_H_in_EUC_NIR_H_LSB_ObsID_2706,65.909157,5.494642,65.481674,65.867615,5.250917,0.028638,65.739830,4.983024,33654,0.841350
NISP_H,galaxy_and_stream_convolved_1_0.8_NISP_H_in_EUC_NIR_H_LSB_ObsID_2706,66.377632,6.564947,65.968872,66.372490,5.576052,0.029581,66.237396,5.294411,35580,0.889500
NISP_H,galaxy_and_stream_convolved_7_1_NISP_H_in_EUC_NIR_H_LSB_ObsID_2706,65.647446,4.346856,65.315971,65.613739,4.215613,0.022959,65.507164,4.023223,33752,0.843800
NISP_H,galaxy_and_stream_convolved_9_0.4_NISP_H_in_EUC_NIR_H_LSB_ObsID_2706,63.861691,4.908474,63.481262,63.830963,4.801703,0.025126,63.694855,4.547423,36558,0.913950
NISP_H,galaxy_and_stream_convolved_9_0.1_NISP_H_in_EUC_NIR_H_LSB_ObsID_2706,64.407341,5.060603,64.005287,64.372902,4.934950,0.026127,64.227829,4.670492,35713,0.892825
NISP_H,galaxy_and_stream_convolved_7_0.8_NISP_H_in_EUC_NIR_H_LSB_ObsID_2706,65.701187,4.354189,65.370132,65.668884,4.227705,0.023052,65.562866,4.035827,33672,0.841800
NISP_H,galaxy_and_stream_convolved_9_0.25_NISP_H_in_EUC_NIR_H_LSB_ObsID_2706,63.991035,4.946220,63.606457,63.956776,4.823589,0.025328,63.825142,4.580094,36309,0.907725
NISP_H,galaxy_and_stream_convolved_10_0.1_NISP_H_in_EUC_NIR_H_LSB_ObsID_2706,64.662590,4.672863,64.300987,64.623749,4.483444,0.023791,64.518799,4.284815,35559,0.888975
NISP_H,galaxy_and_stream_convolved_5_0.05_NISP_H_in_EUC_NIR_H_LSB_ObsID_2706,68.494263,6.131629,67.937195,68.440971,5.842019,0.033950,68.306282,5.573924,29647,0.741175
NISP_H,galaxy_and_stream_convolved_4_0.05_NISP_H_in_EUC_NIR_H_LSB_ObsID_2706,65.615150,5.953805,65.117241,65.546555,5.499450,0.030632,65.409592,5.228714,32297,0.807425
NISP_H,galaxy_and_stream_convolved_5_0.6_NISP_H_in_EUC_NIR_H_LSB_ObsID_2706,65.088188,5.266398,64.713615,65.045326,5.016776,0.026768,64.935043,4.775058,35165,0.879125
NISP_H,galaxy_and_stream_convolved_9_0.6_NISP_H_in_EUC_NIR_H_LSB_ObsID_2706,63.778111,4.889901,63.397305,63.746185,4.779821,0.024949,63.612762,4.530318,36741,0.918525
NISP_H,galaxy_and_stream_convolved_8_0.2_NISP_H_in_EUC_NIR_H_LSB_ObsID_2706,63.098225,4.833063,62.754230,63.086948,4.795902,0.025244,62.968491,4.568023,36106,0.902650
NISP_H,galaxy_and_stream_convolved_1_0.15_NISP_H_in_EUC_NIR_H_LSB_ObsID_2706,67.063408,6.723112,66.625008,67.058098,5.730276,0.030999,66.911919,5.443787,34217,0.855425
NISP_H,galaxy_and_stream_convolved_4_0.1_NISP_H_in_EUC_NIR_H_LSB_ObsID_2706,64.987839,5.808465,64.514557,64.924232,5.369284,0.029311,64.786911,5.093157,33617,0.840425
NISP_H,galaxy_and_stream_convolved_6_0.1_NISP_H_in_EUC_NIR_H_LSB_ObsID_2706,64.135391,5.439875,63.735458,64.110588,5.240581,0.028198,63.984371,4.995796,34581,0.864525
NISP_H,galaxy_and_stream_convolved_7_0.05_NISP_H_in_EUC_NIR_H_LSB_ObsID_2706,67.443565,4.857687,66.995789,67.413567,4.745411,0.027692,67.303436,4.556564,29394,0.734850
NISP_H,galaxy_and_stream_convolved_5_0.4_NISP_H_in_EUC_NIR_H_LSB_ObsID_2706,65.301102,5.322371,64.920349,65.262062,5.083008,0.027301,65.138741,4.819724,34698,0.867450
NISP_H,galaxy_and_stream_convolved_1_0.05_NISP_H_in_EUC_NIR_H_LSB_ObsID_2706,68.255074,7.406851,67.721931,68.229774,6.066411,0.034352,68.090263,5.793530,31231,0.780775
NISP_H,galaxy_and_stream_convolved_9_0.15_NISP_H_in_EUC_NIR_H_LSB_ObsID_2706,64.195786,5.011295,63.793056,64.159477,4.879742,0.025732,64.019035,4.624603,36001,0.900025
NISP_H,galaxy_and_stream_convolved_3_0.8_NISP_H_in_EUC_NIR_H_LSB_ObsID_2706,63.441570,3.953618,63.194397,63.421169,3.890813,0.020288,63.319103,3.700178,36813,0.920325
NISP_H,galaxy_and_stream_convolved_6_0.05_NISP_H_in_EUC_NIR_H_LSB_ObsID_2706,64.719597,5.587871,64.301125,64.698700,5.401069,0.029458,64.564255,5.145624,33651,0.841275
NISP_H,galaxy_and_stream_convolved_10_1_NISP_H_in_EUC_NIR_H_LSB_ObsID_2706,63.657940,4.415875,63.322853,63.616745,4.213462,0.021838,63.522327,4.024068,37278,0.931950
NISP_H,galaxy_and_stream_convolved_2_0.2_NISP_H_in_EUC_NIR_H_LSB_ObsID_2706,64.696342,4.125484,64.395294,64.673737,4.042415,0.021255,64.570702,3.849522,36202,0.905050
NISP_H,galaxy_and_stream_convolved_10_0.4_NISP_H_in_EUC_NIR_H_LSB_ObsID_2706,63.834862,4.446270,63.515228,63.793736,4.244438,0.022162,63.695572,4.047809,36731,0.918275
NISP_H,galaxy_and_stream_convolved_10_0.2_NISP_H_in_EUC_NIR_H_LSB_ObsID_2706,64.136307,4.519850,63.801487,64.096405,4.323243,0.022742,63.994949,4.121777,36187,0.904675
NISP_H,galaxy_and_stream_convolved_6_0.2_NISP_H_in_EUC_NIR_H_LSB_ObsID_2706,63.819641,5.362403,63.427437,63.796345,5.167983,0.027536,63.665627,4.915182,35262,0.881550
NISP_H,galaxy_and_stream_convolved_4_1_NISP_H_in_EUC_NIR_H_LSB_ObsID_2706,64.181297,5.529757,63.724232,64.132416,5.215032,0.027724,63.989471,4.924535,35439,0.885975
NISP_H,galaxy_and_stream_convolved_10_0.8_NISP_H_in_EUC_NIR_H_LSB_ObsID_2706,63.684776,4.418802,63.354527,63.643452,4.215947,0.021890,63.544273,4.019978,37148,0.928700
NISP_H,galaxy_and_stream_convolved_5_0.8_NISP_H_in_EUC_NIR_H_LSB_ObsID_2706,64.979736,5.176116,64.609032,64.943764,4.994525,0.026539,64.837799,4.760646,35454,0.886350
NISP_H,galaxy_and_stream_convolved_4_0.15_NISP_H_in_EUC_NIR_H_LSB_ObsID_2706,64.784409,5.786994,64.305260,64.720573,5.332104,0.028858,64.580582,5.051584,34201,0.855025
NISP_H,galaxy_and_stream_convolved_2_0.1_NISP_H_in_EUC_NIR_H_LSB_ObsID_2706,64.907745,4.187550,64.598885,64.887215,4.110659,0.021746,64.782234,3.918852,35761,0.894025
NISP_H,galaxy_and_stream_convolved_1_0.4_NISP_H_in_EUC_NIR_H_LSB_ObsID_2706,66.551170,6.624402,66.128693,66.540054,5.601535,0.029941,66.401970,5.318107,35053,0.876325
NISP_H,galaxy_and_stream_convolved_9_0.05_NISP_H_in_EUC_NIR_H_LSB_ObsID_2706,64.834801,5.111818,64.448792,64.799065,4.983984,0.026633,64.661964,4.732717,35059,0.876475
NISP_H,galaxy_and_stream_convolved_3_0.25_NISP_H_in_EUC_NIR_H_LSB_ObsID_2706,63.613605,3.940867,63.382767,63.601482,3.903531,0.020546,63.507206,3.731108,36116,0.902900
NISP_H,galaxy_and_stream_convolved_1_1_NISP_H_in_EUC_NIR_H_LSB_ObsID_2706,66.337662,6.556458,65.928444,66.333382,5.568733,0.029484,66.196602,5.280932,35721,0.893025
NISP_H,galaxy_and_stream_convolved_6_1_NISP_H_in_EUC_NIR_H_LSB_ObsID_2706,63.473625,5.241384,63.111149,63.456059,5.081215,0.026796,63.320648,4.820721,35993,0.899825
NISP_H,galaxy_and_stream_convolved_4_0.2_NISP_H_in_EUC_NIR_H_LSB_ObsID_2706,64.644577,5.612419,64.178566,64.596161,5.298492,0.028563,64.455162,5.014490,34465,0.861625
NISP_H,galaxy_and_stream_convolved_3_1_NISP_H_in_EUC_NIR_H_LSB_ObsID_2706,63.406330,3.942841,63.169140,63.387146,3.883147,0.020224,63.286873,3.696887,36895,0.922375
NISP_H,galaxy_and_stream_convolved_8_0.05_NISP_H_in_EUC_NIR_H_LSB_ObsID_2706,64.505089,5.179732,64.083046,64.492508,5.140562,0.028250,64.386757,4.949190,33125,0.828125
NISP_H,galaxy_and_stream_convolved_7_0.6_NISP_H_in_EUC_NIR_H_LSB_ObsID_2706,65.778717,4.369157,65.438316,65.745605,4.241044,0.023180,65.644150,4.058040,33513,0.837825
NISP_H,galaxy_and_stream_convolved_3_0.05_NISP_H_in_EUC_NIR_H_LSB_ObsID_2706,64.300621,4.176363,64.002701,64.277512,4.081097,0.023002,64.187263,3.919397,31504,0.787600
NISP_H,galaxy_and_stream_convolved_3_0.15_NISP_H_in_EUC_NIR_H_LSB_ObsID_2706,63.679863,3.945287,63.439583,63.669708,3.914472,0.020783,63.579014,3.749104,35492,0.887300
NISP_H,galaxy_and_stream_convolved_8_0.6_NISP_H_in_EUC_NIR_H_LSB_ObsID_2706,62.767956,4.794035,62.410492,62.752728,4.745632,0.024542,62.626007,4.506509,37411,0.935275
NISP_H,galaxy_and_stream_convolved_3_0.6_NISP_H_in_EUC_NIR_H_LSB_ObsID_2706,63.484772,3.950324,63.241188,63.465004,3.889534,0.020315,63.367935,3.708022,36690,0.917250
NISP_H,galaxy_and_stream_convolved_4_0.25_NISP_H_in_EUC_NIR_H_LSB_ObsID_2706,64.553986,5.588180,64.094048,64.505783,5.274430,0.028369,64.361282,4.984526,34619,0.865475
NISP_H,galaxy_and_stream_convolved_1_0.1_NISP_H_in_EUC_NIR_H_LSB_ObsID_2706,67.393356,6.790899,66.946808,67.386520,5.796438,0.031666,67.252159,5.536470,33552,0.838800
NISP_H,galaxy_and_stream_convolved_7_0.1_NISP_H_in_EUC_NIR_H_LSB_ObsID_2706,66.764496,4.699286,66.328049,66.732132,4.579778,0.025696,66.619400,4.383911,31800,0.795000
NISP_H,galaxy_and_stream_convolved_4_0.6_NISP_H_in_EUC_NIR_H_LSB_ObsID_2706,64.295723,5.543092,63.827194,64.246620,5.227449,0.027892,64.101753,4.935631,35181,0.879525
NISP_H,galaxy_and_stream_convolved_6_0.6_NISP_H_in_EUC_NIR_H_LSB_ObsID_2706,63.552338,5.269577,63.171307,63.532581,5.101151,0.026949,63.398880,4.842930,35869,0.896725
NISP_H,galaxy_and_stream_convolved_7_0.15_NISP_H_in_EUC_NIR_H_LSB_ObsID_2706,66.448128,4.592989,66.044617,66.415009,4.469681,0.024840,66.312218,4.289362,32414,0.810350
NISP_H,galaxy_and_stream_convolved_3_0.1_NISP_H_in_EUC_NIR_H_LSB_ObsID_2706,63.774864,3.965804,63.539051,63.764446,3.934309,0.021144,63.669086,3.764912,34639,0.865975
NISP_H,galaxy_and_stream_convolved_7_0.4_NISP_H_in_EUC_NIR_H_LSB_ObsID_2706,65.932114,4.415462,65.568405,65.900856,4.293433,0.023534,65.798599,4.110267,33319,0.832975
NISP_H,galaxy_and_stream_convolved_7_0.2_NISP_H_in_EUC_NIR_H_LSB_ObsID_2706,66.269470,4.531484,65.881157,66.239067,4.414416,0.024403,66.137611,4.234190,32757,0.818925
NISP_H,galaxy_and_stream_convolved_9_1_NISP_H_in_EUC_NIR_H_LSB_ObsID_2706,63.695721,4.853158,63.315666,63.665470,4.754125,0.024749,63.536289,4.514552,36938,0.923450
NISP_H,galaxy_and_stream_convolved_8_0.1_NISP_H_in_EUC_NIR_H_LSB_ObsID_2706,63.646740,5.001921,63.279686,63.632694,4.958327,0.026491,63.513496,4.735609,35050,0.876250
NISP_H,galaxy_and_stream_convolved_8_0.25_NISP_H_in_EUC_NIR_H_LSB_ObsID_2706,63.008160,4.826117,62.653469,62.995579,4.785612,0.025077,62.873478,4.551991,36435,0.910875
NISP_H,galaxy_and_stream_convolved_8_0.8_NISP_H_in_EUC_NIR_H_LSB_ObsID_2706,62.711014,4.781004,62.357086,62.695370,4.732518,0.024404,62.572273,4.499728,37627,0.940675
NISP_H,galaxy_and_stream_convolved_8_0.15_NISP_H_in_EUC_NIR_H_LSB_ObsID_2706,63.270317,4.872425,62.922298,63.258888,4.835097,0.025604,63.143646,4.614746,35674,0.891850
NISP_H,galaxy_and_stream_convolved_2_0.05_NISP_H_in_EUC_NIR_H_LSB_ObsID_2706,65.192749,4.219820,64.891159,65.174034,4.150168,0.022223,65.066559,3.952955,34899,0.872475
NISP_H,galaxy_and_stream_convolved_8_0.4_NISP_H_in_EUC_NIR_H_LSB_ObsID_2706,62.858746,4.806335,62.502258,62.844063,4.759475,0.024748,62.715244,4.516726,37004,0.925100
NISP_H,galaxy_and_stream_convolved_5_1_NISP_H_in_EUC_NIR_H_LSB_ObsID_2706,64.917542,5.163461,64.555168,64.881035,4.980520,0.026387,64.773308,4.742322,35664,0.891600
NISP_H,galaxy_and_stream_convolved_10_0.05_NISP_H_in_EUC_NIR_H_LSB_ObsID_2706,65.305473,4.833105,64.889076,65.267105,4.645432,0.024979,65.144989,4.417484,34627,0.865675
NISP_H,galaxy_and_stream_convolved_3_0.2_NISP_H_in_EUC_NIR_H_LSB_ObsID_2706,63.646320,3.951400,63.406723,63.634125,3.913885,0.020663,63.537533,3.738352,35897,0.897425
NISP_H,galaxy_and_stream_convolved_6_0.4_NISP_H_in_EUC_NIR_H_LSB_ObsID_2706,63.631802,5.316448,63.249710,63.607220,5.118830,0.027107,63.473331,4.860007,35700,0.892500
NISP_H,galaxy_and_stream_convolved_4_0.8_NISP_H_in_EUC_NIR_H_LSB_ObsID_2706,64.224113,5.533198,63.764587,64.175179,5.218181,0.027789,64.027992,4.922410,35317,0.882925
NISP_H,galaxy_and_stream_convolved_6_0.15_NISP_H_in_EUC_NIR_H_LSB_ObsID_2706,63.937702,5.403632,63.539413,63.912388,5.203572,0.027819,63.779655,4.946658,35030,0.875750
NISP_H,galaxy_and_stream_convolved_10_0.15_NISP_H_in_EUC_NIR_H_LSB_ObsID_2706,64.318794,4.564529,63.980076,64.279175,4.369779,0.023075,64.181572,4.178734,35909,0.897725
NISP_H,galaxy_and_stream_convolved_5_0.15_NISP_H_in_EUC_NIR_H_LSB_ObsID_2706,66.294785,5.626026,65.837845,66.249191,5.362229,0.029478,66.113205,5.084791,33126,0.828150
NISP_H,galaxy_and_stream_convolved_2_0.15_NISP_H_in_EUC_NIR_H_LSB_ObsID_2706,64.773361,4.149410,64.469505,64.751823,4.069424,0.021441,64.647263,3.876199,36053,0.901325
NISP_H,galaxy_and_stream_convolved_3_0.4_NISP_H_in_EUC_NIR_H_LSB_ObsID_2706,63.547871,3.943988,63.305149,63.532043,3.895776,0.020406,63.436665,3.719947,36473,0.911825
NISP_H,galaxy_and_stream_convolved_7_0.25_NISP_H_in_EUC_NIR_H_LSB_ObsID_2706,66.144211,4.480628,65.774231,66.115425,4.366534,0.024061,66.015602,4.188879,32966,0.824150
NISP_H,galaxy_and_stream_convolved_8_1_NISP_H_in_EUC_NIR_H_LSB_ObsID_2706,62.673832,4.772216,62.323586,62.658276,4.724000,0.024312,62.539070,4.496595,37775,0.944375
NISP_H,galaxy_and_stream_convolved_4_0.4_NISP_H_in_EUC_NIR_H_LSB_ObsID_2706,64.404572,5.557724,63.948742,64.356941,5.246009,0.028088,64.213799,4.959588,34935,0.873375
NISP_H,galaxy_and_stream_convolved_10_0.25_NISP_H_in_EUC_NIR_H_LSB_ObsID_2706,64.020401,4.493484,63.687195,63.980713,4.296609,0.022543,63.876560,4.090442,36377,0.909425
NISP_H,galaxy_and_stream_convolved_1_0.2_NISP_H_in_EUC_NIR_H_LSB_ObsID_2706,66.882729,6.707685,66.455322,66.870781,5.682369,0.030595,66.726242,5.394455,34546,0.863650
NISP_J,galaxy_and_stream_convolved_4_0.15_NISP_J_in_EUC_NIR_J_LSB_ObsID_2706,76.250832,5.847416,75.763344,76.225441,5.562585,0.029981,76.062233,5.251672,34481,0.862025
NISP_J,galaxy_and_stream_convolved_7_0.1_NISP_J_in_EUC_NIR_J_LSB_ObsID_2706,78.710976,4.805218,78.327713,78.686554,4.729074,0.026367,78.569550,4.534692,32197,0.804925
NISP_J,galaxy_and_stream_convolved_9_0.25_NISP_J_in_EUC_NIR_J_LSB_ObsID_2706,74.669388,5.136441,74.328392,74.637497,5.031139,0.026273,74.510384,4.778570,36709,0.917725
NISP_J,galaxy_and_stream_convolved_3_0.05_NISP_J_in_EUC_NIR_J_LSB_ObsID_2706,74.847542,4.361128,74.517738,74.820358,4.236068,0.023789,74.707390,4.026223,31736,0.793400
NISP_J,galaxy_and_stream_convolved_8_0.6_NISP_J_in_EUC_NIR_J_LSB_ObsID_2706,75.173615,5.267516,74.799423,75.150528,5.196896,0.026763,75.003883,4.929202,37736,0.943400
NISP_J,galaxy_and_stream_convolved_8_0.1_NISP_J_in_EUC_NIR_J_LSB_ObsID_2706,76.126633,5.463680,75.699623,76.102715,5.392789,0.028645,75.965652,5.147106,35469,0.886725
NISP_J,galaxy_and_stream_convolved_4_0.05_NISP_J_in_EUC_NIR_J_LSB_ObsID_2706,77.103516,6.072845,76.593781,77.075958,5.749543,0.031875,76.917519,5.459355,32590,0.814750
NISP_J,galaxy_and_stream_convolved_3_0.4_NISP_J_in_EUC_NIR_J_LSB_ObsID_2706,74.161880,4.082846,73.885788,74.139252,4.005151,0.020891,74.038483,3.807155,36789,0.919725
NISP_J,galaxy_and_stream_convolved_3_0.15_NISP_J_in_EUC_NIR_J_LSB_ObsID_2706,74.293121,4.113976,74.012375,74.269707,4.033892,0.021314,74.166519,3.834251,35852,0.896300
NISP_J,galaxy_and_stream_convolved_9_0.2_NISP_J_in_EUC_NIR_J_LSB_ObsID_2706,74.755539,5.166688,74.416069,74.722672,5.058990,0.026456,74.588768,4.794715,36605,0.915125
NISP_J,galaxy_and_stream_convolved_6_0.4_NISP_J_in_EUC_NIR_J_LSB_ObsID_2706,73.646111,21.968315,73.482788,73.810982,5.360818,0.028806,73.693588,5.104390,34705,0.867625
NISP_J,galaxy_and_stream_convolved_1_0.8_NISP_J_in_EUC_NIR_J_LSB_ObsID_2706,76.583458,6.101996,76.082527,76.544632,5.820490,0.031149,76.364395,5.458808,34967,0.874175
NISP_J,galaxy_and_stream_convolved_5_0.1_NISP_J_in_EUC_NIR_J_LSB_ObsID_2706,78.946907,6.151037,78.524811,78.884247,5.617239,0.031072,78.768845,5.357134,32733,0.818325
NISP_J,galaxy_and_stream_convolved_10_0.05_NISP_J_in_EUC_NIR_J_LSB_ObsID_2706,76.501366,5.081732,76.117073,76.468994,4.884726,0.026029,76.356369,4.650751,35276,0.881900
NISP_J,galaxy_and_stream_convolved_2_0.15_NISP_J_in_EUC_NIR_J_LSB_ObsID_2706,77.775978,4.419317,77.458199,77.752205,4.342702,0.022787,77.643166,4.150973,36353,0.908825
NISP_J,galaxy_and_stream_convolved_8_0.2_NISP_J_in_EUC_NIR_J_LSB_ObsID_2706,75.563866,5.343519,75.170425,75.542221,5.276885,0.027605,75.397339,5.014280,36565,0.914125
NISP_J,galaxy_and_stream_convolved_5_0.6_NISP_J_in_EUC_NIR_J_LSB_ObsID_2706,77.176682,5.735408,76.800499,77.127602,5.294935,0.027989,77.014435,5.013223,35843,0.896075
NISP_J,galaxy_and_stream_convolved_3_0.25_NISP_J_in_EUC_NIR_J_LSB_ObsID_2706,74.233154,4.099471,73.960991,74.210327,4.021430,0.021053,74.106697,3.820442,36519,0.912975
NISP_J,galaxy_and_stream_convolved_6_0.25_NISP_J_in_EUC_NIR_J_LSB_ObsID_2706,73.748657,22.054853,73.568214,73.914818,5.391251,0.029080,73.796219,5.134511,34443,0.861075
NISP_J,galaxy_and_stream_convolved_4_0.6_NISP_J_in_EUC_NIR_J_LSB_ObsID_2706,75.816139,5.756465,75.371231,75.789261,5.467667,0.029072,75.631836,5.159214,35431,0.885775
NISP_J,galaxy_and_stream_convolved_9_0.1_NISP_J_in_EUC_NIR_J_LSB_ObsID_2706,75.071518,5.209429,74.736526,75.040352,5.106561,0.026891,74.909813,4.848764,36098,0.902450
NISP_J,galaxy_and_stream_convolved_7_0.8_NISP_J_in_EUC_NIR_J_LSB_ObsID_2706,77.685318,4.572096,77.333427,77.655937,4.473048,0.024256,77.531769,4.260635,34043,0.851075
NISP_J,galaxy_and_stream_convolved_8_0.8_NISP_J_in_EUC_NIR_J_LSB_ObsID_2706,75.116188,5.259729,74.743477,75.093262,5.189573,0.026655,74.945847,4.920955,37935,0.948375
NISP_J,galaxy_and_stream_convolved_7_0.6_NISP_J_in_EUC_NIR_J_LSB_ObsID_2706,77.760735,4.590012,77.410217,77.731232,4.490825,0.024398,77.604843,4.275940,33915,0.847875
NISP_J,galaxy_and_stream_convolved_10_0.6_NISP_J_in_EUC_NIR_J_LSB_ObsID_2706,74.840286,4.693500,74.494720,74.816345,4.525153,0.023420,74.703049,4.286103,37388,0.934700
NISP_J,galaxy_and_stream_convolved_9_0.8_NISP_J_in_EUC_NIR_J_LSB_ObsID_2706,74.413780,5.059832,74.090141,74.388840,4.977340,0.025806,74.263649,4.726673,37232,0.930800
NISP_J,galaxy_and_stream_convolved_8_0.25_NISP_J_in_EUC_NIR_J_LSB_ObsID_2706,75.457611,5.324140,75.067345,75.435455,5.256297,0.027379,75.293854,4.998612,36884,0.922100
NISP_J,galaxy_and_stream_convolved_3_0.8_NISP_J_in_EUC_NIR_J_LSB_ObsID_2706,74.066856,4.064260,73.786781,74.045082,3.988755,0.020713,73.950104,3.800214,37116,0.927900
NISP_J,galaxy_and_stream_convolved_1_0.15_NISP_J_in_EUC_NIR_J_LSB_ObsID_2706,77.244148,6.222223,76.724419,77.205788,5.962774,0.032518,77.036438,5.625760,33668,0.841700
NISP_J,galaxy_and_stream_convolved_1_0.05_NISP_J_in_EUC_NIR_J_LSB_ObsID_2706,78.476028,6.583437,77.862534,78.437729,6.324291,0.035983,78.267708,5.993060,30925,0.773125
NISP_J,galaxy_and_stream_convolved_1_0.2_NISP_J_in_EUC_NIR_J_LSB_ObsID_2706,77.055107,6.165459,76.546570,77.019836,5.912459,0.032101,76.858643,5.581830,33964,0.849100
NISP_J,galaxy_and_stream_convolved_9_0.05_NISP_J_in_EUC_NIR_J_LSB_ObsID_2706,75.549469,5.353478,75.172485,75.509964,5.200161,0.027605,75.366623,4.922498,35525,0.888125
NISP_J,galaxy_and_stream_convolved_5_0.4_NISP_J_in_EUC_NIR_J_LSB_ObsID_2706,77.389137,5.814364,76.979225,77.334633,5.358198,0.028503,77.223900,5.081573,35395,0.884875
NISP_J,galaxy_and_stream_convolved_8_1_NISP_J_in_EUC_NIR_J_LSB_ObsID_2706,75.072632,5.244868,74.707909,75.051178,5.178187,0.026553,74.904938,4.910302,38057,0.951425
NISP_J,galaxy_and_stream_convolved_3_0.2_NISP_J_in_EUC_NIR_J_LSB_ObsID_2706,74.255936,4.101782,73.979019,74.232918,4.023070,0.021135,74.131065,3.824822,36267,0.906675
NISP_J,galaxy_and_stream_convolved_8_0.15_NISP_J_in_EUC_NIR_J_LSB_ObsID_2706,75.755577,5.386468,75.339691,75.733650,5.319275,0.027981,75.588272,5.056212,36165,0.904125
NISP_J,galaxy_and_stream_convolved_5_0.25_NISP_J_in_EUC_NIR_J_LSB_ObsID_2706,77.711319,5.869740,77.287994,77.659485,5.421923,0.029163,77.546120,5.148248,34619,0.865475
NISP_J,galaxy_and_stream_convolved_3_0.1_NISP_J_in_EUC_NIR_J_LSB_ObsID_2706,74.375328,4.167280,74.079773,74.352173,4.069020,0.021783,74.242104,3.856765,34923,0.873075
NISP_J,galaxy_and_stream_convolved_9_1_NISP_J_in_EUC_NIR_J_LSB_ObsID_2706,74.387329,5.055470,74.071426,74.361710,4.971174,0.025746,74.239342,4.724581,37314,0.932850
NISP_J,galaxy_and_stream_convolved_6_0.6_NISP_J_in_EUC_NIR_J_LSB_ObsID_2706,73.585091,21.912300,73.421837,73.749123,5.341999,0.028634,73.633766,5.086798,34877,0.871925
NISP_J,galaxy_and_stream_convolved_10_0.25_NISP_J_in_EUC_NIR_J_LSB_ObsID_2706,75.128380,4.765463,74.779236,75.097313,4.573565,0.023863,74.983887,4.333371,36796,0.919900
NISP_J,galaxy_and_stream_convolved_3_0.6_NISP_J_in_EUC_NIR_J_LSB_ObsID_2706,74.106804,4.072539,73.830139,74.084946,3.996971,0.020790,73.985283,3.801748,36993,0.924825
NISP_J,galaxy_and_stream_convolved_6_0.05_NISP_J_in_EUC_NIR_J_LSB_ObsID_2706,74.686020,22.664074,74.482101,74.862602,5.658041,0.031319,74.739014,5.395794,32704,0.817600
NISP_J,galaxy_and_stream_convolved_5_0.2_NISP_J_in_EUC_NIR_J_LSB_ObsID_2706,77.930305,5.877170,77.496803,77.878578,5.460032,0.029534,77.757057,5.178357,34230,0.855750
NISP_J,galaxy_and_stream_convolved_8_0.4_NISP_J_in_EUC_NIR_J_LSB_ObsID_2706,75.292648,5.299679,74.906578,75.268562,5.226631,0.027027,75.123367,4.962870,37427,0.935675
NISP_J,galaxy_and_stream_convolved_7_1_NISP_J_in_EUC_NIR_J_LSB_ObsID_2706,77.635368,4.562071,77.283730,77.605400,4.461461,0.024168,77.480209,4.247766,34113,0.852825
NISP_J,galaxy_and_stream_convolved_6_0.1_NISP_J_in_EUC_NIR_J_LSB_ObsID_2706,74.135010,22.321943,73.953026,74.300217,5.504925,0.030030,74.179825,5.245841,33681,0.842025
NISP_J,galaxy_and_stream_convolved_7_0.05_NISP_J_in_EUC_NIR_J_LSB_ObsID_2706,79.441559,4.982765,79.052261,79.420151,4.915436,0.028482,79.303581,4.717277,29806,0.745150
NISP_J,galaxy_and_stream_convolved_1_0.6_NISP_J_in_EUC_NIR_J_LSB_ObsID_2706,76.630348,6.100297,76.129036,76.590202,5.818266,0.031226,76.415428,5.462460,34767,0.869175
NISP_J,galaxy_and_stream_convolved_10_0.8_NISP_J_in_EUC_NIR_J_LSB_ObsID_2706,74.795349,4.689418,74.447472,74.771469,4.521598,0.023349,74.656509,4.278481,37555,0.938875
NISP_J,galaxy_and_stream_convolved_7_0.25_NISP_J_in_EUC_NIR_J_LSB_ObsID_2706,78.072708,4.642373,77.725388,78.044083,4.550153,0.024951,77.918900,4.339796,33290,0.832250
NISP_J,galaxy_and_stream_convolved_2_0.1_NISP_J_in_EUC_NIR_J_LSB_ObsID_2706,77.919548,4.470189,77.595535,77.893181,4.385311,0.023097,77.783508,4.193444,36085,0.902125
NISP_J,galaxy_and_stream_convolved_5_0.8_NISP_J_in_EUC_NIR_J_LSB_ObsID_2706,77.057236,5.520222,76.702881,77.018730,5.267353,0.027749,76.908096,4.985843,36086,0.902150
NISP_J,galaxy_and_stream_convolved_9_0.4_NISP_J_in_EUC_NIR_J_LSB_ObsID_2706,74.536720,5.100208,74.206696,74.506927,5.001195,0.026036,74.385452,4.754345,36933,0.923325
NISP_J,galaxy_and_stream_convolved_10_1_NISP_J_in_EUC_NIR_J_LSB_ObsID_2706,74.771637,4.686844,74.424881,74.747818,4.519500,0.023296,74.634537,4.279412,37692,0.942300
NISP_J,galaxy_and_stream_convolved_8_0.05_NISP_J_in_EUC_NIR_J_LSB_ObsID_2706,77.100296,5.719032,76.634781,77.076485,5.650268,0.030807,76.929657,5.389418,33664,0.841600
NISP_J,galaxy_and_stream_convolved_4_0.8_NISP_J_in_EUC_NIR_J_LSB_ObsID_2706,75.740738,5.743155,75.305489,75.715385,5.437710,0.028868,75.564987,5.141375,35543,0.888575
NISP_J,galaxy_and_stream_convolved_10_0.4_NISP_J_in_EUC_NIR_J_LSB_ObsID_2706,74.944641,4.725636,74.590958,74.916458,4.543506,0.023594,74.802490,4.302283,37142,0.928550
NISP_J,galaxy_and_stream_convolved_7_0.2_NISP_J_in_EUC_NIR_J_LSB_ObsID_2706,78.219070,4.718007,77.856941,78.182587,4.598037,0.025263,78.055618,4.384936,33168,0.829200
NISP_J,galaxy_and_stream_convolved_1_1_NISP_J_in_EUC_NIR_J_LSB_ObsID_2706,76.537888,6.087770,76.040611,76.500145,5.808377,0.031044,76.318085,5.442405,35057,0.876425
NISP_J,galaxy_and_stream_convolved_1_0.1_NISP_J_in_EUC_NIR_J_LSB_ObsID_2706,77.580513,6.310489,77.048584,77.545135,6.059879,0.033350,77.379601,5.729783,33056,0.826400
NISP_J,galaxy_and_stream_convolved_7_0.15_NISP_J_in_EUC_NIR_J_LSB_ObsID_2706,78.413101,4.748975,78.038742,78.385246,4.662527,0.025719,78.264671,4.458922,32897,0.822425
NISP_J,galaxy_and_stream_convolved_4_0.25_NISP_J_in_EUC_NIR_J_LSB_ObsID_2706,76.039970,5.789019,75.588112,76.016563,5.509192,0.029521,75.860352,5.203704,34881,0.872025
NISP_J,galaxy_and_stream_convolved_6_0.8_NISP_J_in_EUC_NIR_J_LSB_ObsID_2706,73.545418,21.880486,73.386543,73.708954,5.325006,0.028505,73.595825,5.072469,34970,0.874250
NISP_J,galaxy_and_stream_convolved_4_0.4_NISP_J_in_EUC_NIR_J_LSB_ObsID_2706,75.896019,5.753623,75.456955,75.871964,5.472385,0.029211,75.715446,5.165518,35152,0.878800
NISP_J,galaxy_and_stream_convolved_1_0.4_NISP_J_in_EUC_NIR_J_LSB_ObsID_2706,76.742485,6.092299,76.248154,76.709229,5.838236,0.031438,76.536858,5.488119,34527,0.863175
NISP_J,galaxy_and_stream_convolved_7_0.4_NISP_J_in_EUC_NIR_J_LSB_ObsID_2706,77.886147,4.609684,77.529892,77.856590,4.515326,0.024619,77.725929,4.296721,33675,0.841875
NISP_J,galaxy_and_stream_convolved_10_0.1_NISP_J_in_EUC_NIR_J_LSB_ObsID_2706,75.780418,4.898944,75.434654,75.753494,4.718675,0.024896,75.636223,4.476881,35981,0.899525
NISP_J,galaxy_and_stream_convolved_4_0.2_NISP_J_in_EUC_NIR_J_LSB_ObsID_2706,76.121201,5.812490,75.658058,76.096870,5.530444,0.029706,75.937614,5.221833,34716,0.867900
NISP_J,galaxy_and_stream_convolved_2_0.05_NISP_J_in_EUC_NIR_J_LSB_ObsID_2706,78.230522,4.516398,77.900047,78.204781,4.433271,0.023599,78.104942,4.253927,35323,0.883075
NISP_J,galaxy_and_stream_convolved_5_0.15_NISP_J_in_EUC_NIR_J_LSB_ObsID_2706,78.287056,5.936365,77.851273,78.234543,5.517075,0.030097,78.110596,5.240124,33655,0.841375
NISP_J,galaxy_and_stream_convolved_6_0.2_NISP_J_in_EUC_NIR_J_LSB_ObsID_2706,73.821526,22.104568,73.634926,73.988731,5.423290,0.029311,73.863785,5.154556,34306,0.857650
NISP_J,galaxy_and_stream_convolved_9_0.6_NISP_J_in_EUC_NIR_J_LSB_ObsID_2706,74.459427,5.083889,74.129532,74.431801,4.989237,0.025909,74.306839,4.737032,37116,0.927900
NISP_J,galaxy_and_stream_convolved_2_0.2_NISP_J_in_EUC_NIR_J_LSB_ObsID_2706,77.704498,4.401193,77.391441,77.680824,4.324461,0.022639,77.572426,4.131526,36521,0.913025
NISP_J,galaxy_and_stream_convolved_10_0.2_NISP_J_in_EUC_NIR_J_LSB_ObsID_2706,75.251076,4.783048,74.906418,75.222801,4.599011,0.024048,75.112923,4.365810,36632,0.915800
NISP_J,galaxy_and_stream_convolved_5_0.05_NISP_J_in_EUC_NIR_J_LSB_ObsID_2706,80.639198,6.568228,80.099258,80.564125,6.003203,0.034396,80.434326,5.722518,30519,0.762975
NISP_J,galaxy_and_stream_convolved_4_0.1_NISP_J_in_EUC_NIR_J_LSB_ObsID_2706,76.481339,5.915149,76.012711,76.454720,5.612929,0.030466,76.294708,5.311219,33998,0.849950
NISP_J,galaxy_and_stream_convolved_2_0.25_NISP_J_in_EUC_NIR_J_LSB_ObsID_2706,77.661415,4.394374,77.355957,77.637787,4.317651,0.022569,77.526756,4.120440,36632,0.915800
NISP_J,galaxy_and_stream_convolved_9_0.15_NISP_J_in_EUC_NIR_J_LSB_ObsID_2706,74.872795,5.190779,74.536140,74.838097,5.078356,0.026631,74.704369,4.815248,36405,0.910125
NISP_J,galaxy_and_stream_convolved_6_0.15_NISP_J_in_EUC_NIR_J_LSB_ObsID_2706,73.929901,22.186338,73.749672,74.095825,5.457170,0.029595,73.971786,5.185936,34074,0.851850
NISP_J,galaxy_and_stream_convolved_5_1_NISP_J_in_EUC_NIR_J_LSB_ObsID_2706,76.983154,5.498219,76.632401,76.945641,5.247502,0.027591,76.839470,4.969291,36224,0.905600
NISP_J,galaxy_and_stream_convolved_3_1_NISP_J_in_EUC_NIR_J_LSB_ObsID_2706,74.035782,4.056459,73.762001,74.014030,3.980926,0.020649,73.918457,3.790865,37201,0.930025
NISP_J,galaxy_and_stream_convolved_4_1_NISP_J_in_EUC_NIR_J_LSB_ObsID_2706,75.700310,5.744885,75.261559,75.673279,5.435067,0.028818,75.518166,5.129739,35633,0.890825
NISP_J,galaxy_and_stream_convolved_1_0.25_NISP_J_in_EUC_NIR_J_LSB_ObsID_2706,76.947731,6.147347,76.436554,76.912697,5.895003,0.031896,76.740776,5.547484,34200,0.855000
NISP_J,galaxy_and_stream_convolved_10_0.15_NISP_J_in_EUC_NIR_J_LSB_ObsID_2706,75.441429,4.821678,75.101074,75.414330,4.640925,0.024354,75.298050,4.401463,36370,0.909250
NISP_J,galaxy_and_stream_convolved_6_1_NISP_J_in_EUC_NIR_J_LSB_ObsID_2706,73.520821,21.865419,73.362366,73.684120,5.316903,0.028444,73.572594,5.065419,35014,0.875350
NISP_Y,galaxy_and_stream_convolved_4_0.05_NISP_Y_in_EUC_NIR_Y_LSB_ObsID_2706,58.538113,5.794890,58.079060,58.472561,5.269401,0.028834,58.341759,4.987717,33469,0.836725
NISP_Y,galaxy_and_stream_convolved_5_0.8_NISP_Y_in_EUC_NIR_Y_LSB_ObsID_2706,59.599815,5.549462,59.330257,59.552662,5.137159,0.027166,59.449974,4.875317,35819,0.895475
NISP_Y,galaxy_and_stream_convolved_6_0.6_NISP_Y_in_EUC_NIR_Y_LSB_ObsID_2706,57.336742,6.274785,57.219986,57.518711,5.034841,0.026468,57.457233,4.759204,36409,0.910225
NISP_Y,galaxy_and_stream_convolved_9_1_NISP_Y_in_EUC_NIR_Y_LSB_ObsID_2706,55.844193,4.646216,55.492878,55.817074,4.562242,0.023468,55.693363,4.330250,37830,0.945750
NISP_Y,galaxy_and_stream_convolved_7_0.2_NISP_Y_in_EUC_NIR_Y_LSB_ObsID_2706,58.765854,4.380183,58.417667,58.732365,4.165296,0.022579,58.628242,3.979143,34067,0.851675
NISP_Y,galaxy_and_stream_convolved_3_0.6_NISP_Y_in_EUC_NIR_Y_LSB_ObsID_2706,56.335621,3.733348,56.072048,56.309956,3.645019,0.018808,56.215652,3.473566,37601,0.940025
NISP_Y,galaxy_and_stream_convolved_7_1_NISP_Y_in_EUC_NIR_Y_LSB_ObsID_2706,58.203144,4.178901,57.904247,58.176796,3.980830,0.021284,58.076324,3.803534,35013,0.875325
NISP_Y,galaxy_and_stream_convolved_3_0.25_NISP_Y_in_EUC_NIR_Y_LSB_ObsID_2706,56.441509,3.787357,56.165558,56.411449,3.678747,0.019114,56.314537,3.503534,37088,0.927200
NISP_Y,galaxy_and_stream_convolved_2_0.1_NISP_Y_in_EUC_NIR_Y_LSB_ObsID_2706,58.869465,3.955652,58.580948,58.842899,3.855058,0.020174,58.764977,3.712111,36550,0.913750
NISP_Y,galaxy_and_stream_convolved_4_0.8_NISP_Y_in_EUC_NIR_Y_LSB_ObsID_2706,57.281635,5.389059,56.872166,57.233006,4.963572,0.025973,57.096878,4.663384,36593,0.914825
NISP_Y,galaxy_and_stream_convolved_3_0.8_NISP_Y_in_EUC_NIR_Y_LSB_ObsID_2706,56.301338,3.724767,56.040878,56.275745,3.636472,0.018735,56.180515,3.463181,37716,0.942900
NISP_Y,galaxy_and_stream_convolved_9_0.2_NISP_Y_in_EUC_NIR_Y_LSB_ObsID_2706,56.187508,4.716856,55.833744,56.159897,4.632699,0.024079,56.039242,4.406138,37053,0.926325
NISP_Y,galaxy_and_stream_convolved_1_0.25_NISP_Y_in_EUC_NIR_Y_LSB_ObsID_2706,58.278103,5.341447,57.875042,58.250511,5.043035,0.026824,58.141624,4.807282,35381,0.884525
NISP_Y,galaxy_and_stream_convolved_6_1_NISP_Y_in_EUC_NIR_Y_LSB_ObsID_2706,57.277058,6.250105,57.170712,57.458702,5.009870,0.026286,57.395046,4.733677,36551,0.913775
NISP_Y,galaxy_and_stream_convolved_6_0.1_NISP_Y_in_EUC_NIR_Y_LSB_ObsID_2706,57.806297,6.442866,57.682789,57.996033,5.187592,0.027834,57.927227,4.887391,34953,0.873825
NISP_Y,galaxy_and_stream_convolved_9_0.6_NISP_Y_in_EUC_NIR_Y_LSB_ObsID_2706,55.910286,4.652112,55.553970,55.883430,4.570359,0.023570,55.763222,4.343877,37636,0.940900
NISP_Y,galaxy_and_stream_convolved_7_0.15_NISP_Y_in_EUC_NIR_Y_LSB_ObsID_2706,58.937191,4.435688,58.584747,58.903828,4.222226,0.023016,58.796280,4.031360,33689,0.842225
NISP_Y,galaxy_and_stream_convolved_5_0.05_NISP_Y_in_EUC_NIR_Y_LSB_ObsID_2706,63.044361,6.315740,62.613667,63.009789,5.959710,0.034520,62.908607,5.706893,29845,0.746125
NISP_Y,galaxy_and_stream_convolved_7_0.25_NISP_Y_in_EUC_NIR_Y_LSB_ObsID_2706,58.627201,4.320431,58.305450,58.595501,4.108723,0.022234,58.496113,3.929026,34182,0.854550
NISP_Y,galaxy_and_stream_convolved_6_0.2_NISP_Y_in_EUC_NIR_Y_LSB_ObsID_2706,57.534637,6.361341,57.409992,57.719555,5.114622,0.027157,57.653694,4.823101,35690,0.892250
NISP_Y,galaxy_and_stream_convolved_5_1_NISP_Y_in_EUC_NIR_Y_LSB_ObsID_2706,59.529522,5.466425,59.263008,59.486298,5.119750,0.027012,59.386177,4.861314,35984,0.899600
NISP_Y,galaxy_and_stream_convolved_8_0.8_NISP_Y_in_EUC_NIR_Y_LSB_ObsID_2706,54.889805,4.459661,54.565205,54.876438,4.419037,0.022618,54.768024,4.223021,38193,0.954825
NISP_Y,galaxy_and_stream_convolved_1_0.4_NISP_Y_in_EUC_NIR_Y_LSB_ObsID_2706,58.124584,5.303631,57.722012,58.096893,5.003410,0.026446,57.982811,4.753234,35831,0.895775
NISP_Y,galaxy_and_stream_convolved_5_0.6_NISP_Y_in_EUC_NIR_Y_LSB_ObsID_2706,59.702927,5.580948,59.425636,59.655579,5.168534,0.027447,59.557922,4.911174,35519,0.887975
NISP_Y,galaxy_and_stream_convolved_7_0.8_NISP_Y_in_EUC_NIR_Y_LSB_ObsID_2706,58.251732,4.204647,57.942619,58.222080,3.995477,0.021387,58.118397,3.814034,34937,0.873425
NISP_Y,galaxy_and_stream_convolved_2_0.2_NISP_Y_in_EUC_NIR_Y_LSB_ObsID_2706,58.670525,3.905306,58.386303,58.644371,3.805203,0.019788,58.569069,3.665983,37014,0.925350
NISP_Y,galaxy_and_stream_convolved_1_0.2_NISP_Y_in_EUC_NIR_Y_LSB_ObsID_2706,58.378208,5.367337,57.968868,58.349823,5.066728,0.027040,58.241394,4.835881,35147,0.878675
NISP_Y,galaxy_and_stream_convolved_10_0.6_NISP_Y_in_EUC_NIR_Y_LSB_ObsID_2706,57.505226,4.192796,57.264187,57.483643,4.094786,0.021062,57.392036,3.904880,37835,0.945875
NISP_Y,galaxy_and_stream_convolved_8_0.6_NISP_Y_in_EUC_NIR_Y_LSB_ObsID_2706,54.934628,4.469689,54.601833,54.921799,4.430528,0.022750,54.812408,4.234462,37945,0.948625
NISP_Y,galaxy_and_stream_convolved_8_0.2_NISP_Y_in_EUC_NIR_Y_LSB_ObsID_2706,55.256329,4.553319,54.911041,55.246319,4.521968,0.023630,55.144196,4.337413,36634,0.915850
NISP_Y,galaxy_and_stream_convolved_8_1_NISP_Y_in_EUC_NIR_Y_LSB_ObsID_2706,54.853340,4.449310,54.529510,54.840023,4.408814,0.022527,54.726208,4.203336,38323,0.958075
NISP_Y,galaxy_and_stream_convolved_2_0.05_NISP_Y_in_EUC_NIR_Y_LSB_ObsID_2706,59.171337,3.997671,58.875244,59.145222,3.897905,0.020635,59.070881,3.761260,35716,0.892900
NISP_Y,galaxy_and_stream_convolved_3_0.1_NISP_Y_in_EUC_NIR_Y_LSB_ObsID_2706,56.518661,3.793175,56.244038,56.493313,3.697672,0.019682,56.402344,3.532184,35330,0.883250
NISP_Y,galaxy_and_stream_convolved_5_0.1_NISP_Y_in_EUC_NIR_Y_LSB_ObsID_2706,61.502220,5.983247,61.130825,61.468002,5.617563,0.031254,61.367752,5.361119,32345,0.808625
NISP_Y,galaxy_and_stream_convolved_10_0.4_NISP_Y_in_EUC_NIR_Y_LSB_ObsID_2706,57.595215,4.203816,57.351372,57.572392,4.102738,0.021179,57.484760,3.920789,37567,0.939175
NISP_Y,galaxy_and_stream_convolved_6_0.15_NISP_Y_in_EUC_NIR_Y_LSB_ObsID_2706,57.620377,6.388015,57.488785,57.807152,5.134045,0.027375,57.739799,4.839015,35395,0.884875
NISP_Y,galaxy_and_stream_convolved_7_0.4_NISP_Y_in_EUC_NIR_Y_LSB_ObsID_2706,58.449574,4.265600,58.132118,58.418316,4.056880,0.021821,58.318001,3.876363,34599,0.864975
NISP_Y,galaxy_and_stream_convolved_7_0.6_NISP_Y_in_EUC_NIR_Y_LSB_ObsID_2706,58.321426,4.225664,58.006790,58.289848,4.015027,0.021532,58.187000,3.831522,34806,0.870150
NISP_Y,galaxy_and_stream_convolved_9_0.15_NISP_Y_in_EUC_NIR_Y_LSB_ObsID_2706,56.308990,4.746756,55.948364,56.281208,4.662606,0.024298,56.158371,4.434824,36860,0.921500
NISP_Y,galaxy_and_stream_convolved_3_0.05_NISP_Y_in_EUC_NIR_Y_LSB_ObsID_2706,56.957443,3.978480,56.667835,56.929832,3.859855,0.021572,56.825359,3.672645,32047,0.801175
NISP_Y,galaxy_and_stream_convolved_9_0.4_NISP_Y_in_EUC_NIR_Y_LSB_ObsID_2706,55.986626,4.665519,55.635300,55.960403,4.586020,0.023710,55.840523,4.359397,37449,0.936225
NISP_Y,galaxy_and_stream_convolved_1_0.05_NISP_Y_in_EUC_NIR_Y_LSB_ObsID_2706,59.567902,5.776136,59.076599,59.525616,5.376955,0.030308,59.419395,5.154621,31505,0.787625
NISP_Y,galaxy_and_stream_convolved_2_0.25_NISP_Y_in_EUC_NIR_Y_LSB_ObsID_2706,58.633888,3.902578,58.348785,58.607300,3.801437,0.019733,58.530190,3.659274,37149,0.928725
NISP_Y,galaxy_and_stream_convolved_8_0.4_NISP_Y_in_EUC_NIR_Y_LSB_ObsID_2706,55.023705,4.498033,54.678150,55.011917,4.461472,0.023025,54.901230,4.261573,37563,0.939075
NISP_Y,galaxy_and_stream_convolved_4_0.2_NISP_Y_in_EUC_NIR_Y_LSB_ObsID_2706,57.619514,5.484007,57.211887,57.568424,5.050982,0.026741,57.429348,4.752082,35750,0.893750
NISP_Y,galaxy_and_stream_convolved_1_1_NISP_Y_in_EUC_NIR_Y_LSB_ObsID_2706,57.954563,5.207855,57.560425,57.932858,4.968282,0.026011,57.818306,4.715119,36519,0.912975
NISP_Y,galaxy_and_stream_convolved_3_0.2_NISP_Y_in_EUC_NIR_Y_LSB_ObsID_2706,56.451099,3.780715,56.179482,56.422100,3.675297,0.019171,56.326263,3.502773,36799,0.919975
NISP_Y,galaxy_and_stream_convolved_10_1_NISP_Y_in_EUC_NIR_Y_LSB_ObsID_2706,57.448204,4.192093,57.204700,57.426788,4.094807,0.020971,57.335445,3.909412,38165,0.954125
NISP_Y,galaxy_and_stream_convolved_3_1_NISP_Y_in_EUC_NIR_Y_LSB_ObsID_2706,56.275723,3.718203,56.013905,56.250172,3.629871,0.018683,56.153114,3.453768,37789,0.944725
NISP_Y,galaxy_and_stream_convolved_10_0.8_NISP_Y_in_EUC_NIR_Y_LSB_ObsID_2706,57.465126,4.190866,57.223186,57.443626,4.093168,0.021006,57.350681,3.902246,38007,0.950175
NISP_Y,galaxy_and_stream_convolved_3_0.15_NISP_Y_in_EUC_NIR_Y_LSB_ObsID_2706,56.482693,3.795763,56.207756,56.454342,3.691774,0.019363,56.354584,3.513804,36394,0.909850
NISP_Y,galaxy_and_stream_convolved_4_0.4_NISP_Y_in_EUC_NIR_Y_LSB_ObsID_2706,57.423290,5.420386,57.014999,57.374245,4.993694,0.026258,57.239296,4.700061,36238,0.905950
NISP_Y,galaxy_and_stream_convolved_4_0.15_NISP_Y_in_EUC_NIR_Y_LSB_ObsID_2706,57.731773,5.522602,57.310883,57.678261,5.082437,0.027016,57.538490,4.782587,35466,0.886650
NISP_Y,galaxy_and_stream_convolved_4_0.25_NISP_Y_in_EUC_NIR_Y_LSB_ObsID_2706,57.540363,5.452065,57.130013,57.489594,5.018615,0.026509,57.354496,4.727458,35914,0.897850
NISP_Y,galaxy_and_stream_convolved_6_0.4_NISP_Y_in_EUC_NIR_Y_LSB_ObsID_2706,57.391430,6.294214,57.276894,57.574688,5.053559,0.026637,57.515511,4.779634,36216,0.905400
NISP_Y,galaxy_and_stream_convolved_8_0.25_NISP_Y_in_EUC_NIR_Y_LSB_ObsID_2706,55.159317,4.530499,54.818970,55.148098,4.495983,0.023395,55.040680,4.303498,36948,0.923700
NISP_Y,galaxy_and_stream_convolved_4_0.6_NISP_Y_in_EUC_NIR_Y_LSB_ObsID_2706,57.342190,5.409099,56.923286,57.292530,4.981259,0.026108,57.153252,4.677963,36475,0.911875
NISP_Y,galaxy_and_stream_convolved_5_0.15_NISP_Y_in_EUC_NIR_Y_LSB_ObsID_2706,60.885139,5.869818,60.537941,60.847919,5.496408,0.030069,60.745533,5.234132,33456,0.836400
NISP_Y,galaxy_and_stream_convolved_1_0.6_NISP_Y_in_EUC_NIR_Y_LSB_ObsID_2706,58.027721,5.279062,57.626900,58.000362,4.978793,0.026209,57.887383,4.729052,36123,0.903075
NISP_Y,galaxy_and_stream_convolved_8_0.05_NISP_Y_in_EUC_NIR_Y_LSB_ObsID_2706,56.612793,4.924964,56.202747,56.599514,4.881537,0.026730,56.478073,4.668948,33367,0.834175
NISP_Y,galaxy_and_stream_convolved_1_0.15_NISP_Y_in_EUC_NIR_Y_LSB_ObsID_2706,58.535248,5.402226,58.116554,58.507050,5.105235,0.027393,58.399673,4.875989,34767,0.869175
NISP_Y,galaxy_and_stream_convolved_5_0.2_NISP_Y_in_EUC_NIR_Y_LSB_ObsID_2706,60.509087,5.793167,60.185390,60.461121,5.386658,0.029235,60.356045,5.117021,34005,0.850125
NISP_Y,galaxy_and_stream_convolved_8_0.1_NISP_Y_in_EUC_NIR_Y_LSB_ObsID_2706,55.727711,4.687118,55.375458,55.714897,4.644815,0.024731,55.600380,4.444510,35291,0.882275
NISP_Y,galaxy_and_stream_convolved_6_0.8_NISP_Y_in_EUC_NIR_Y_LSB_ObsID_2706,57.302258,6.259695,57.190742,57.483574,5.020918,0.026360,57.423038,4.746490,36506,0.912650
NISP_Y,galaxy_and_stream_convolved_9_0.25_NISP_Y_in_EUC_NIR_Y_LSB_ObsID_2706,56.106033,4.686546,55.763561,56.080929,4.610165,0.023921,55.961430,4.385626,37177,0.929425
NISP_Y,galaxy_and_stream_convolved_1_0.8_NISP_Y_in_EUC_NIR_Y_LSB_ObsID_2706,57.988110,5.273536,57.583496,57.960995,4.974454,0.026102,57.847778,4.722882,36357,0.908925
NISP_Y,galaxy_and_stream_convolved_10_0.2_NISP_Y_in_EUC_NIR_Y_LSB_ObsID_2706,57.881607,4.271591,57.630043,57.858200,4.166751,0.021679,57.770061,3.981248,36978,0.924450
NISP_Y,galaxy_and_stream_convolved_4_0.1_NISP_Y_in_EUC_NIR_Y_LSB_ObsID_2706,57.941814,5.583114,57.508553,57.887146,5.139983,0.027537,57.745880,4.840281,34914,0.872850
NISP_Y,galaxy_and_stream_convolved_3_0.4_NISP_Y_in_EUC_NIR_Y_LSB_ObsID_2706,56.389614,3.770330,56.120743,56.359856,3.662370,0.018946,56.263416,3.487626,37414,0.935350
NISP_Y,galaxy_and_stream_convolved_10_0.05_NISP_Y_in_EUC_NIR_Y_LSB_ObsID_2706,59.035370,4.513648,58.734596,59.012432,4.411922,0.023481,58.920067,4.233124,35339,0.883475
NISP_Y,galaxy_and_stream_convolved_9_0.1_NISP_Y_in_EUC_NIR_Y_LSB_ObsID_2706,56.514275,4.786376,56.138748,56.489120,4.710042,0.024649,56.367985,4.486695,36546,0.913650
NISP_Y,galaxy_and_stream_convolved_10_0.15_NISP_Y_in_EUC_NIR_Y_LSB_ObsID_2706,58.063503,4.310609,57.812592,58.039913,4.205885,0.021965,57.956665,4.032331,36703,0.917575
NISP_Y,galaxy_and_stream_convolved_6_0.05_NISP_Y_in_EUC_NIR_Y_LSB_ObsID_2706,58.347500,6.619709,58.184769,58.538525,5.344073,0.029112,58.467194,5.032248,33917,0.847925
NISP_Y,galaxy_and_stream_convolved_8_0.15_NISP_Y_in_EUC_NIR_Y_LSB_ObsID_2706,55.411812,4.592909,55.066490,55.401611,4.561140,0.024001,55.292862,4.367066,36128,0.903200
NISP_Y,galaxy_and_stream_convolved_4_1_NISP_Y_in_EUC_NIR_Y_LSB_ObsID_2706,57.243382,5.382428,56.832577,57.194859,4.957366,0.025910,57.057110,4.654018,36677,0.916925
NISP_Y,galaxy_and_stream_convolved_5_0.4_NISP_Y_in_EUC_NIR_Y_LSB_ObsID_2706,59.899235,5.628980,59.604172,59.851238,5.214003,0.027884,59.754414,4.958542,35024,0.875600
NISP_Y,galaxy_and_stream_convolved_9_0.8_NISP_Y_in_EUC_NIR_Y_LSB_ObsID_2706,55.867165,4.636535,55.514587,55.842831,4.562919,0.023495,55.720333,4.333414,37752,0.943800
NISP_Y,galaxy_and_stream_convolved_10_0.1_NISP_Y_in_EUC_NIR_Y_LSB_ObsID_2706,58.394608,4.395254,58.124359,58.373657,4.298046,0.022571,58.282642,4.116940,36293,0.907325
NISP_Y,galaxy_and_stream_convolved_7_0.1_NISP_Y_in_EUC_NIR_Y_LSB_ObsID_2706,59.229382,4.512655,58.872078,59.195312,4.296103,0.023671,59.086605,4.104659,32974,0.824350
NISP_Y,galaxy_and_stream_convolved_2_0.15_NISP_Y_in_EUC_NIR_Y_LSB_ObsID_2706,58.741520,3.925915,58.458984,58.715778,3.827170,0.019948,58.640633,3.687849,36846,0.921150
NISP_Y,galaxy_and_stream_convolved_6_0.25_NISP_Y_in_EUC_NIR_Y_LSB_ObsID_2706,57.491196,6.347352,57.369888,57.674751,5.107425,0.027031,57.608135,4.817541,35923,0.898075
NISP_Y,galaxy_and_stream_convolved_10_0.25_NISP_Y_in_EUC_NIR_Y_LSB_ObsID_2706,57.773052,4.241033,57.526131,57.752850,4.146825,0.021505,57.664909,3.962540,37218,0.930450
NISP_Y,galaxy_and_stream_convolved_5_0.25_NISP_Y_in_EUC_NIR_Y_LSB_ObsID_2706,60.282879,5.759203,59.960831,60.229298,5.324701,0.028734,60.130787,5.065470,34401,0.860025
NISP_Y,galaxy_and_stream_convolved_9_0.05_NISP_Y_in_EUC_NIR_Y_LSB_ObsID_2706,56.944901,4.855886,56.563286,56.921623,4.786331,0.025296,56.792904,4.551983,35832,0.895800
NISP_Y,galaxy_and_stream_convolved_7_0.05_NISP_Y_in_EUC_NIR_Y_LSB_ObsID_2706,59.865967,4.631628,59.511093,59.835361,4.419928,0.025400,59.727524,4.232422,30306,0.757650
NISP_Y,galaxy_and_stream_convolved_1_0.1_NISP_Y_in_EUC_NIR_Y_LSB_ObsID_2706,58.825443,5.457059,58.400139,58.794437,5.177060,0.028081,58.679718,4.933525,34019,0.850475
